{"is_source_file": false, "format": "", "description": "", "external_files": [], "external_methods": [], "published": [], "classes": [], "methods": [], "calls": [], "search-terms": [], "state": 2, "file_id": 1, "knowledge_revision": 17, "git_revision": "0c125332655b6e318a512f108494d00f0713a5cb", "hash": "0e2831e9ad66a38e3207725f3c7556bc", "format-version": 4, "code-base-name": "snake_game_frontend", "filename": "README.md", "revision_history": [{"17": "0c125332655b6e318a512f108494d00f0713a5cb"}]}