{"is_source_file": false, "format": "", "description": "", "external_files": [], "external_methods": [], "published": [], "classes": [], "methods": [], "calls": [], "search-terms": [], "state": 2, "file_id": 6, "knowledge_revision": 21, "git_revision": "c6964a46c01ebd170ae20ce89b00ccb6ad2ee4c1", "hash": "ebece526bc2eadd78ddd787a76c56607", "format-version": 4, "code-base-name": "snake_game_frontend", "filename": "snake_game_frontend/README.md", "revision_history": [{"21": "c6964a46c01ebd170ae20ce89b00ccb6ad2ee4c1"}]}