{"is_source_file": false, "format": "", "description": "", "external_files": [], "external_methods": [], "published": [], "classes": [], "methods": [], "calls": [], "search-terms": [], "state": 2, "file_id": 2, "knowledge_revision": 19, "git_revision": "c6964a46c01ebd170ae20ce89b00ccb6ad2ee4c1", "hash": "be6538e7523bc2e9da0743133d784136", "format-version": 4, "code-base-name": "snake_game_frontend", "filename": "snake_game_frontend/eslint.config.mjs", "revision_history": [{"19": "c6964a46c01ebd170ae20ce89b00ccb6ad2ee4c1"}]}