{"is_source_file": false, "format": "", "description": "", "external_files": [], "external_methods": [], "published": [], "classes": [], "methods": [], "calls": [], "search-terms": [], "state": 2, "file_id": 4, "knowledge_revision": 14, "git_revision": "c6964a46c01ebd170ae20ce89b00ccb6ad2ee4c1", "hash": "d9d975cebe2ec20b6c652e1e4c12ccf0", "format-version": 4, "code-base-name": "snake_game_frontend", "filename": "snake_game_frontend/public/manifest.json", "revision_history": [{"14": "c6964a46c01ebd170ae20ce89b00ccb6ad2ee4c1"}]}