{"is_source_file": false, "format": "", "description": "", "external_files": [], "external_methods": [], "published": [], "classes": [], "methods": [], "calls": [], "search-terms": [], "state": 2, "file_id": 5, "knowledge_revision": 15, "git_revision": "c6964a46c01ebd170ae20ce89b00ccb6ad2ee4c1", "hash": "d001d53c059625c4bcf75bf5a7f3fcf0", "format-version": 4, "code-base-name": "snake_game_frontend", "filename": "snake_game_frontend/package.json", "revision_history": [{"15": "c6964a46c01ebd170ae20ce89b00ccb6ad2ee4c1"}]}