{"is_source_file": false, "format": "", "description": "", "external_files": [], "external_methods": [], "published": [], "classes": [], "methods": [], "calls": [], "search-terms": [], "state": 2, "file_id": 11, "knowledge_revision": 20, "git_revision": "c6964a46c01ebd170ae20ce89b00ccb6ad2ee4c1", "hash": "6c2104b8d219ed99234ae2d6329f4357", "format-version": 4, "code-base-name": "snake_game_frontend", "filename": "snake_game_frontend/src/index.css", "revision_history": [{"20": "c6964a46c01ebd170ae20ce89b00ccb6ad2ee4c1"}]}