{"is_source_file": true, "format": "JavaScript (React JSX)", "description": "This file is a React component that manages a theme toggle (light/dark mode) for a web application. It includes state management, side effects to update the document attribute, and renders UI elements such as a button, image, paragraphs, and a link.", "external_files": ["./logo.svg", "./App.css"], "external_methods": ["React.useState", "React.useEffect"], "published": ["App"], "classes": [], "methods": [{"name": "App()", "description": "Main React functional component that renders the UI and manages theme state.", "scope": "", "scopeKind": ""}, {"name": "toggleTheme", "description": "Function to toggle the theme state between 'light' and 'dark'."}], "calls": ["React.useState", "React.useEffect", "document.documentElement.setAttribute", "setTheme", "prevTheme => prevTheme === 'light' ? 'dark' : 'light'"], "search-terms": ["React theme toggle", "useState hook", "useEffect hook", "App component", "light/dark mode", "theme management", "JSX"], "state": 2, "file_id": 7, "knowledge_revision": 24, "git_revision": "c6964a46c01ebd170ae20ce89b00ccb6ad2ee4c1", "ctags": [{"_type": "tag", "name": "App", "path": "/home/kavia/workspace/code-generation/browser-snake-game-202570-202579/snake_game_frontend/src/App.js", "pattern": "/^function App() {$/", "language": "JavaScript", "kind": "function", "signature": "()"}, {"_type": "tag", "name": "Switch to ${theme === 'light' ? 'dark' : 'light'} mode", "path": "/home/kavia/workspace/code-generation/browser-snake-game-202570-202579/snake_game_frontend/src/App.js", "pattern": "/^          aria-label={`Switch to ${theme === 'light' ? 'dark' : 'light'} mode`}$/", "language": "JavaScript", "kind": "field", "scope": "App.aria", "scopeKind": "class"}, {"_type": "tag", "name": "toggleTheme", "path": "/home/kavia/workspace/code-generation/browser-snake-game-202570-202579/snake_game_frontend/src/App.js", "pattern": "/^          onClick={toggleTheme}$/", "language": "JavaScript", "kind": "field", "scope": "App.onClick", "scopeKind": "class"}], "hash": "b55dd9e6a018e59207d8e277dffd9e11", "format-version": 4, "code-base-name": "snake_game_frontend", "filename": "snake_game_frontend/src/App.js", "fields": [{"name": "aria-label={`Switch to ${theme === 'light' ? 'dark' : 'light'} mode`}", "scope": "App.aria", "scopeKind": "class", "description": "unavailable"}, {"name": "onClick={toggleTheme}", "scope": "App.onClick", "scopeKind": "class", "description": "unavailable"}], "revision_history": [{"24": "c6964a46c01ebd170ae20ce89b00ccb6ad2ee4c1"}]}