{"is_source_file": true, "format": "JavaScript", "description": "This file sets up testing environment configurations using jest-dom for a frontend project, specifically importing custom matchers for testing DOM nodes.", "external_files": ["@testing-library/jest-dom"], "external_methods": [], "published": [], "classes": [], "methods": [], "calls": ["import '@testing-library/jest-dom'"], "search-terms": ["setupTests", "jest-dom", "testing-library", "jest matchers", "import"], "state": 2, "file_id": 12, "knowledge_revision": 25, "git_revision": "c6964a46c01ebd170ae20ce89b00ccb6ad2ee4c1", "ctags": [], "hash": "1a77571e1a8cf36018a41bcedf60db75", "format-version": 4, "code-base-name": "snake_game_frontend", "filename": "snake_game_frontend/src/setupTests.js", "revision_history": [{"25": "c6964a46c01ebd170ae20ce89b00ccb6ad2ee4c1"}]}