{"is_source_file": true, "format": "JavaScript (React)", "description": "This file serves as the entry point for a React-based front-end application. It initializes and renders the main App component within the DOM element with id 'root'.", "external_files": ["./index.css", "./App"], "external_methods": ["ReactDOM.createRoot", "root.render"], "published": [], "classes": [], "methods": [{"name": "ReactDOM.createRoot", "description": "Creates a root for rendering React components into the DOM."}, {"name": "root.render", "description": "Renders the React component tree into the created root."}], "calls": ["ReactDOM.createRoot", "root.render", "<React.StrictMode>", "<App />"], "search-terms": ["index.js", "ReactDOM", "createRoot", "render", "main entry point", "React app initialization"], "state": 2, "file_id": 10, "knowledge_revision": 23, "git_revision": "c6964a46c01ebd170ae20ce89b00ccb6ad2ee4c1", "ctags": [{"_type": "tag", "name": "root", "path": "/home/kavia/workspace/code-generation/browser-snake-game-202570-202579/snake_game_frontend/src/index.js", "pattern": "/^const root = ReactDOM.createRoot(document.getElementById('root'));$/", "language": "JavaScript", "kind": "constant"}], "hash": "9fc5841375336fc175b49f8767a11383", "format-version": 4, "code-base-name": "snake_game_frontend", "filename": "snake_game_frontend/src/index.js", "revision_history": [{"23": "c6964a46c01ebd170ae20ce89b00ccb6ad2ee4c1"}]}