{"is_source_file": false, "format": "", "description": "", "external_files": [], "external_methods": [], "published": [], "classes": [], "methods": [], "calls": [], "search-terms": [], "state": 2, "file_id": 3, "knowledge_revision": 16, "git_revision": "c6964a46c01ebd170ae20ce89b00ccb6ad2ee4c1", "hash": "d2b40d02d5f7873d8a6713bad837edd4", "format-version": 4, "code-base-name": "snake_game_frontend", "filename": "snake_game_frontend/public/index.html", "revision_history": [{"16": "c6964a46c01ebd170ae20ce89b00ccb6ad2ee4c1"}]}