{"is_source_file": false, "format": "", "description": "", "external_files": [], "external_methods": [], "published": [], "classes": [], "methods": [], "calls": [], "search-terms": ["CSS Variables", "Theme Management", "App.css", "CSS styling", "dark mode"], "state": 2, "file_id": 9, "knowledge_revision": 18, "git_revision": "c6964a46c01ebd170ae20ce89b00ccb6ad2ee4c1", "hash": "22f9e17cc1848b56dbb244518ac2707e", "format-version": 4, "code-base-name": "snake_game_frontend", "filename": "snake_game_frontend/src/App.css", "revision_history": [{"18": "c6964a46c01ebd170ae20ce89b00ccb6ad2ee4c1"}]}